model1,model2
trendyol_mistral,sambalingo_llama2
trendyol_mistral,cosmos_llama3
trendyol_mistral,meta_llama3
sambalingo_llama2,cosmos_llama3
sambalingo_llama2,meta_llama3
cosmos_llama3,meta_llama3
meta_llama3,sambalingo_llama2
meta_llama3,cosmos_llama3
meta_llama3,trendyol_mistral
sambalingo_llama2,cosmos_llama3
sambalingo_llama2,trendyol_mistral
cosmos_llama3,trendyol_mistral
meta_llama3,cosmos_llama3
meta_llama3,trendyol_mistral
meta_llama3,sambalingo_llama2
cosmos_llama3,trendyol_mistral
cosmos_llama3,sambalingo_llama2
trendyol_mistral,sambalingo_llama2
trendyol_mistral,cosmos_llama3
trendyol_mistral,sambalingo_llama2
trendyol_mistral,meta_llama3
cosmos_llama3,sambalingo_llama2
cosmos_llama3,meta_llama3
sambalingo_llama2,meta_llama3
sambalingo_llama2,trendyol_mistral
sambalingo_llama2,meta_llama3
sambalingo_llama2,cosmos_llama3
trendyol_mistral,meta_llama3
trendyol_mistral,cosmos_llama3
meta_llama3,cosmos_llama3
sambalingo_llama2,trendyol_mistral
sambalingo_llama2,cosmos_llama3
sambalingo_llama2,meta_llama3
trendyol_mistral,cosmos_llama3
trendyol_mistral,meta_llama3
cosmos_llama3,meta_llama3
cosmos_llama3,sambalingo_llama2
cosmos_llama3,meta_llama3
cosmos_llama3,trendyol_mistral
sambalingo_llama2,meta_llama3
sambalingo_llama2,trendyol_mistral
meta_llama3,trendyol_mistral
sambalingo_llama2,cosmos_llama3
sambalingo_llama2,meta_llama3
sambalingo_llama2,trendyol_mistral
cosmos_llama3,meta_llama3
cosmos_llama3,trendyol_mistral
meta_llama3,trendyol_mistral
cosmos_llama3,meta_llama3
cosmos_llama3,trendyol_mistral
cosmos_llama3,sambalingo_llama2
meta_llama3,trendyol_mistral
meta_llama3,sambalingo_llama2
trendyol_mistral,sambalingo_llama2
sambalingo_llama2,trendyol_mistral
sambalingo_llama2,meta_llama3
sambalingo_llama2,cosmos_llama3
trendyol_mistral,meta_llama3
trendyol_mistral,cosmos_llama3
meta_llama3,cosmos_llama3
cosmos_llama3,trendyol_mistral
cosmos_llama3,meta_llama3
cosmos_llama3,sambalingo_llama2
trendyol_mistral,meta_llama3
trendyol_mistral,sambalingo_llama2
meta_llama3,sambalingo_llama2
trendyol_mistral,sambalingo_llama2
trendyol_mistral,cosmos_llama3
trendyol_mistral,meta_llama3
sambalingo_llama2,cosmos_llama3
sambalingo_llama2,meta_llama3
cosmos_llama3,meta_llama3
meta_llama3,sambalingo_llama2
meta_llama3,trendyol_mistral
meta_llama3,cosmos_llama3
sambalingo_llama2,trendyol_mistral
sambalingo_llama2,cosmos_llama3
trendyol_mistral,cosmos_llama3
meta_llama3,cosmos_llama3
meta_llama3,sambalingo_llama2
meta_llama3,trendyol_mistral
cosmos_llama3,sambalingo_llama2
cosmos_llama3,trendyol_mistral
sambalingo_llama2,trendyol_mistral
sambalingo_llama2,trendyol_mistral
sambalingo_llama2,cosmos_llama3
sambalingo_llama2,meta_llama3
trendyol_mistral,cosmos_llama3
trendyol_mistral,meta_llama3
cosmos_llama3,meta_llama3
sambalingo_llama2,meta_llama3
sambalingo_llama2,trendyol_mistral
sambalingo_llama2,cosmos_llama3
meta_llama3,trendyol_mistral
meta_llama3,cosmos_llama3
trendyol_mistral,cosmos_llama3
sambalingo_llama2,trendyol_mistral
sambalingo_llama2,cosmos_llama3
sambalingo_llama2,meta_llama3
trendyol_mistral,cosmos_llama3
trendyol_mistral,meta_llama3
cosmos_llama3,meta_llama3
cosmos_llama3,meta_llama3
cosmos_llama3,trendyol_mistral
cosmos_llama3,sambalingo_llama2
meta_llama3,trendyol_mistral
meta_llama3,sambalingo_llama2
trendyol_mistral,sambalingo_llama2
sambalingo_llama2,cosmos_llama3
sambalingo_llama2,trendyol_mistral
sambalingo_llama2,meta_llama3
cosmos_llama3,trendyol_mistral
cosmos_llama3,meta_llama3
trendyol_mistral,meta_llama3
cosmos_llama3,sambalingo_llama2
cosmos_llama3,trendyol_mistral
cosmos_llama3,meta_llama3
sambalingo_llama2,trendyol_mistral
sambalingo_llama2,meta_llama3
trendyol_mistral,meta_llama3
